{
  "mean": [
    3137726.0128369196,
    139443.943616016,
    2938089.523493051,
    3419803.471079637,
    3127603.013925625,
    93.38138077986767,
    2.6758604743867673,
    89.70579708937659,
    97.0754972186549,
    93.08714389559329,
    15112002.124992594,
    1027999.2166181959,
    13795160.723923275,
    16765662.326947425,
    15068276.598374585
  ],
  "scale": [
    3096719.024176576,
    433908.5109774541,
    3050167.4207339,
    3274763.5514873182,
    3127357.899279046,
    33.0850872219986,
    8.912839585946402,
    36.36492644661502,
    32.067992742549066,
    34.47334544673103,
    51235944.60648199,
    20892267.959353536,
    45095746.549613096,
    70719606.66003253,
    54991128.81731057
  ],
  "n_features": 15
}